periodo_id,mes,ano,ano_mes,ordem
202501,Jan,2025,2025-01,1
202502,Fev,2025,2025-02,2
202503,Mar,2025,2025-03,3
202504,Abr,2025,2025-04,4
202505,Mai,2025,2025-05,5
202506,Jun,2025,2025-06,6
202507,Jul,2025,2025-07,7
202508,Ago,2025,2025-08,8
202509,Set,2025,2025-09,9
202510,Out,2025,2025-10,10
202511,Nov,2025,2025-11,11
202512,Dez,2025,2025-12,12
